<?xml version="1.0" encoding="UTF-8"?>
<beans xmlns="http://www.springframework.org/schema/beans"
	xmlns:xsi="http://www.w3.org/2001/XMLSchema-instance"
	xmlns:context="http://www.springframework.org/schema/context"
	xmlns:mvc="http://www.springframework.org/schema/mvc"
	xsi:schemaLocation="http://www.springframework.org/schema/mvc http://www.springframework.org/schema/mvc/spring-mvc-3.0.xsd
		http://www.springframework.org/schema/beans http://www.springframework.org/schema/beans/spring-beans.xsd
		http://www.springframework.org/schema/context http://www.springframework.org/schema/context/spring-context-3.0.xsd">


	<!-- 配置HanlderMapping 根据beanName找到对应的Controller -->
	<!-- <bean class="org.springframework.web.servlet.mvc.support.ControllerBeanNameHandlerMapping"></bean> -->
	
	<!-- 配置Controller -->
	<!-- <bean name="/hello.do" class="com.liu.controller.HelloController"></bean> --> 
	
	<!-- 添加一个注解驱动 -->
	<mvc:annotation-driven/>
	<!-- 扫描器 -->
	<context:component-scan base-package="com"/>
	
	<!-- 配置视图解析器 -->
	<bean class="org.springframework.web.servlet.view.InternalResourceViewResolver">
		<!-- 配置前缀和后缀 -->
		<property name="prefix" value="/view/"></property>
		<property name="suffix" value=".jsp"></property>
	</bean>
	
</beans>
